{"cameraMode":{"drawMode":0,"name":"Shaded","section":"Shading Mode"},"sceneLighting":true,"audioPlay":false,"sceneViewState":{"m_AlwaysRefresh":false,"showFog":true,"showSkybox":true,"showFlares":true,"showImageEffects":true,"showParticleSystems":true,"showVisualEffectGraphs":true,"m_FxEnabled":true},"in2DMode":false,"pivot":{"x":7.970149517059326,"y":10.493230819702149,"z":-2.0519213676452638},"rotation":{"x":-0.06325770914554596,"y":0.01556523609906435,"z":-0.0009874191600829363,"w":-0.9978720545768738},"size":11.310734748840332,"orthographic":false}